﻿<?xml version="1.0" encoding="utf-8"?>
<!-- attempts_interval 定义值，不可随意设置（最少0.5s）：                
    1S     = 1,
    2S     = 2,    
 -->
<!-- device protocol：                
    modbus  ,
    dlt645-07     = 07协议,
    dlt645-97     = 97协议,    
 -->
<collector>
  <attr scada_frequency="2" attempts_num="3" attempts_interval="3" />
  <!-- serial：                
    modify:baude bits parity stop
		yes	,可修改
		no  ,不可修改
 -->
  <serial>
    <para protocol="modbus" port="/dev/ttyS6" baude="1200" bits="8" parity="N" stop="1" resume_interval="10" detect_count="3" modify="yes" />
    <para protocol="dlt645" port="/dev/ttyS8" baude="1200" bits="8" parity="E" stop="1" resume_interval="5" detect_count="3" modify="yes" />
    <para protocol="hs96" port="/dev/ttyS4" baude="1200" bits="8" parity="N" stop="1" resume_interval="5" detect_count="3" modify="no" />
    <para protocol="fuji" port="/dev/ttyS10" baude="1200" bits="8" parity="N" stop="1" resume_interval="5" detect_count="3" modify="yes" />
  </serial>
  <!--
	modbus：
		type:float=1  long=2 
        DIid： DI0 DI1  
    -->
  <device name="modbus——dev1" protocol="modbus" devmodel="fc6000" endian="1" address="1" serialport="6" actstate="0" interval="10">
    <tag name="modbus_quality_mass_flow" startaddr="2" quantity="2" id="10" type="1" byteOrder="4321" />
    <tag name="modbus_heat_mass_flow" startaddr="4" quantity="2" id="11" type="1" byteOrder="4321" />
    <tag name="modbus_quality_instant_flow" startaddr="6" quantity="2" id="12" type="1" byteOrder="4321" />
    <tag name="modbus_heat_instant_flow" startaddr="8" quantity="2" id="13" type="1" byteOrder="4321" />
    <tag name="modbus_temperature" startaddr="12" quantity="2" id="14" type="1" byteOrder="4321" />
    <tag name="modbus_pressure" startaddr="14" quantity="2" id="15" type="1" byteOrder="4321" />
    <tag name="modbus_vapor_density" startaddr="16" quantity="2" id="16" type="1" byteOrder="4321" />
  </device>
  <device name="modbus——dev2" protocol="modbus" devmodel="fc6000" endian="1" address="1" serialport="6" actstate="0" interval="10">
    <tag name="modbus_quality_mass_flow2" startaddr="2" quantity="2" id="17" type="1" byteOrder="4321" />
    <tag name="modbus_heat_mass_flow2" startaddr="4" quantity="2" id="18" type="1" byteOrder="4321" />
    <tag name="modbus_quality_instant_flow2" startaddr="6" quantity="2" id="19" type="1" byteOrder="4321" />
    <tag name="modbus_heat_instant_flow2" startaddr="8" quantity="2" id="20" type="1" byteOrder="4321" />
    <tag name="modbus_temperature2" startaddr="12" quantity="2" id="21" type="1" byteOrder="4321" />
    <tag name="modbus_pressure2" startaddr="14" quantity="2" id="22" type="1" byteOrder="4321" />
    <tag name="modbus_vapor_density2" startaddr="16" quantity="2" id="23" type="1" byteOrder="4321" />
  </device>
  <device name="modbus——dev3" protocol="modbus" devmodel="fc6000" endian="1" address="5" serialport="6" actstate="0" interval="10">
    <tag name="156156156" startaddr="2" quantity="2" id="24" type="1" byteOrder="4321" />
    <tag name="518165105dsfd" startaddr="6" quantity="2" id="25" type="1" byteOrder="4321" />
  </device>
  <!--
Modbus to Hart：
    type:float=1  long=2 
    register:4 
-->
  <device name="modbus_dev4" protocol="modbus" devmodel="------" endian="1" address="5" serialport="6" actstate="0" interval="10">
    <tag name="hhhhhhhhhhhh" register="4" startaddr="2" quantity="2" id="60" type="1" byteOrder="4321" />
    <tag name="aaaaaaaaaaaa" register="4" startaddr="6" quantity="2" id="61" type="1" byteOrder="4321" />
  </device>
  <!--
dlt645：
    type:float=1  long=2 
    DIid： DI0 DI1  
-->
  <device name="dlt645_dev1" protocol="dlt645" devmodel="dlt645-97" address="809930081004" serialport="8" actstate="0" interval="3">
    <tag name="FEATURE_VOLTAGE_A" DIid="11B6" id="30" type="1" />
    <tag name="FEATURE_VOLTAGE_B" DIid="12B6" id="31" type="1" />
    <tag name="FEATURE_VOLTAGE_C" DIid="13B6" id="32" type="1" />
    <tag name="FEATURE_CURRENT_A" DIid="21B6" id="33" type="1" />
    <tag name="FEATURE_CURRENT_B" DIid="22B6" id="34" type="1" />
    <tag name="FEATURE_CURRENT_C" DIid="23B6" id="35" type="1" />
    <tag name="FEATURE_POSITIVE_ACTIVE_POWER" DIid="30B6" id="36" type="1" />
    <tag name="FEATURE_REVERSE_ACTIVE_POWER" DIid="30B6" id="37" type="1" />
    <tag name="FEATURE_POSITIVE_REACTIVE_POWER" DIid="40B6" id="38" type="1" />
    <tag name="FEATURE_REVERSE_REACTIVE_POWER" DIid="40B6" id="39" type="1" />
    <tag name="FEATURE_POSITIVE_ENERGY" DIid="1090" id="40" type="1" />
    <tag name="FEATURE_REVERSE_ENERGY" DIid="2090" id="41" type="1" />
  </device>
  <device name="dlt645_dev2" protocol="dlt645" devmodel="dlt645-97" address="809930081004" serialport="8" actstate="0" interval="3">
    <tag name="dltjjjjjjjjjjjjj" DIid="11B6" id="42" type="1" />
    <tag name="dltedddddddddddddddddd" DIid="30B6" id="43" type="1" />
  </device>
  <!--===hs96 设备===
*****************************************************
-->
  <device name="HS96_dev1" protocol="hs96" devmodel="hs96-panel1" address="20" serialport="4" actstate="0" interval="3">
    <tag name="HS96_FLOW" id="5" type="1" />
    <tag name="HS96_PRESSURE" id="6" type="1" />
    <tag name="HS96_PRESSURE_DIFFER" id="7" type="1" />
    <tag name="HS96_TEMPERA" id="8" type="1" />
    <tag name="HS96_CUMULANT" id="9" type="1" />
  </device>
  <device name="HS96_dev2" protocol="hs96" devmodel="hs96-panel2" address="188" serialport="4" actstate="0" interval="3">
    <tag name="HS96_FLOW2" id="55" type="1" />
    <tag name="HS96_PRESSURE2" id="56" type="1" />
    <tag name="HS96_PRESSURE_DIFFER2" id="57" type="1" />
    <tag name="HS96_TEMPERA2" id="58" type="1" />
    <tag name="HS96_CUMULANT2" id="59" type="1" />
  </device>
  <!--===fuji 设备===
*****************************************************
-->
  <device name="FUJI-name01" protocol="fuji" devmodel="haifeng" address="5" serialport="10" actstate="0" interval="10">
    <command name="FUJI_INSTANCE_FLOWRATE" command="DQD" id="50" />
    <command name="FUJI_CUMULANT" command="DI+" id="51" />
  </device>
  <device name="FUJI-name02" protocol="fuji" devmodel="haifeng" address="5" serialport="10" actstate="0" interval="10">
    <command name="FUJI_INSTANCE_FLOWRATE" command="DIT" id="52" />
    <command name="FUJI_CUMULANT" command="AT+" id="53" />
  </device>
</collector>