﻿<?xml version="1.0" encoding="utf-8"?>
<!-- attempts_interval 定义值，不可随意设置（最少0.5s）：                
    1S     = 1,
    2S     = 2,    
 -->
<!-- device protocol：                
    modbus  ,
    dlt645-07     = 07协议,
    dlt645-97     = 97协议,    
 -->
<collector>
  <attr scada_frequency="2" attempts_num="3" attempts_interval="3" />
  
  <!-- serial：                
    modify:baude bits parity stop
		yes	,可修改
		no  ,不可修改
 -->
  <serial>
    <para protocol="modbus" port="/dev/ttyS6" baude="1200" bits="8" parity="N" stop="1" resume_interval="10" detect_count="3" modify="yes" />
    <para protocol="dlt645" port="/dev/ttyS8" baude="1200" bits="8" parity="E" stop="1" resume_interval="5" detect_count="3" modify="yes" />
    <para protocol="hs96" port="/dev/ttyS4" baude="1200" bits="8" parity="N" stop="1" resume_interval="5" detect_count="3" modify="no" />
    <para protocol="fuji" port="/dev/ttyS10" baude="1200" bits="8" parity="N" stop="1" resume_interval="5" detect_count="3" modify="yes" />
  </serial>
  <device name="HS96_dev1" protocol="hs96" devmodel="hs96-panel1" address="20" serialport="4" actstate="0" interval="3">
    <tag name="HS96_FLOW" id="5" type="1" />
    <tag name="HS96_PRESSURE" id="6" type="1" />
    <tag name="HS96_PRESSURE_DIFFER" id="7" type="1" />
    <tag name="HS96_TEMPERA" id="8" type="1" />
    <tag name="HS96_CUMULANT" id="9" type="1" />
  </device>
  <device name="HS96_dev1" protocol="hs96" devmodel="hs96-panel1" address="20" serialport="4" actstate="0" interval="3">
    <tag name="HS96_FLOW" id="5" type="1" />
    <tag name="HS96_PRESSURE" id="6" type="1" />
    <tag name="HS96_PRESSURE_DIFFER" id="7" type="1" />
    <tag name="HS96_TEMPERA" id="8" type="1" />
    <tag name="HS96_CUMULANT" id="9" type="1" />
  </device>
</collector>